{"cameraMode":{"drawMode":0,"name":"Shaded","section":"Shading Mode"},"sceneLighting":true,"audioPlay":false,"sceneViewState":{"m_AlwaysRefresh":false,"showFog":true,"showSkybox":true,"showFlares":true,"showImageEffects":true,"showParticleSystems":true,"showVisualEffectGraphs":true,"m_FxEnabled":true},"in2DMode":false,"pivot":{"x":-4.768661975860596,"y":-1.8850390911102296,"z":3.8271265029907228},"rotation":{"x":0.09466416388750076,"y":-0.0101433414965868,"z":0.0009642968070693314,"w":0.9954705238342285},"size":25.891897201538087,"orthographic":false}